<?xml version="1.0" encoding="UTF-8"?>
<project xmlns="http://maven.apache.org/POM/4.0.0" xmlns:xsi="http://www.w3.org/2001/XMLSchema-instance"
    xsi:schemaLocation="http://maven.apache.org/POM/4.0.0 http://maven.apache.org/maven-v4_0_0.xsd">

    <modelVersion>4.0.0</modelVersion>
    <groupId>org.geotools.demo</groupId>
    <artifactId>gt2-xml-po</artifactId>
    <packaging>jar</packaging>
    <version>1.0-SNAPSHOT</version>
    <name>Purchase Order XML Support</name>

    <repositories>
        <repository>
            <id>maven2-repository.dev.java.repositorynet</id>
            <name>Java.net Maven 2 Repository</name>
            <url>http://download.java.net/maven/2</url>
        </repository>
        <repository>
            <id>maven-repositoriesository.dev.java.net</id>
            <name>Java.net Maven 1 Repository (legacy)</name>
            <url>http://download.java.net/maven/1</url>
            <layout>legacy</layout>
        </repository>
    </repositories>

    <dependencies>
        <dependency>
            <groupId>com.sun.xml.bind</groupId>
            <artifactId>jaxb-impl</artifactId>
            <version>2.1.13</version>
        </dependency>
    </dependencies>

    <pluginRepositories>
        <pluginRepository>
            <id>maven2-repository.dev.java.net</id>
            <name>Java.net Mavenen 2 Repository</name>
            <url>http://download.java.net/maven/2</url>
        </pluginRepository>
        <pluginRepository>
            <id>maven-repository.dev.java.repositorynet</id>
            <name>Java.net Maven 1 Repository (legacy)</name>
            <url>http://download.java.net/maven/1</url>
            <layout>legacy</layout>
        </pluginRepository>
    </pluginRepositories>

    <build>
        <plugins>
            <plugin>
                <inherited>true</inherited>
                <groupId>org.apache.maven.plugins</groupId>
                <artifactId>maven-compiler-plugin</artifactId>
                <configuration>
                    <source>1.5</source>
                    <target>1.5</target>
                </configuration>
            </plugin>
            <plugin>
                <groupId>org.jvnet.jaxb2.maven2</groupId>
                <artifactId>maven-jaxb2-plugin</artifactId>
                <configuration>
                    <packageName>org.geotools.po</packageName>
                    <generateDirectory>${project.build.sourceDirectory}</generateDirectory>
                </configuration>
            </plugin>
        </plugins>
    </build>

</project>